<configuration>
    <appender name="STDOUT" class="ch.qos.logback.core.ConsoleAppender">
        <encoder class="net.logstash.logback.encoder.LoggingEventCompositeJsonEncoder">
            <providers>
                <timestamp/>
                <logLevel/>
                <threadName/>
                <loggerName/>
                <message/>
                <exception/>
            </providers>
        </encoder>
    </appender>

    <root level="INFO">
        <appender-ref ref="STDOUT"/>
    </root>
</configuration>
